text,label
im feeling so pressured right now,stress
i cant cope with the stress,stress
this workload is killing me,stress
my mind is running at a million miles per hour with worry,stress
i have too many responsibilities,stress
i feel like im going to drop from exhaustion,stress
there is too much noise and pressure around me,stress
i cant take this tension anymore,stress
im drowning in deadlines,stress
i have too many exams and projects to handle,stress
i feel like breaking down under pressure,stress
i cant manage this load,stress
my body feels completely tight from stress,stress
im stressed out by studies,stress
i have so much work and so little time,stress
i feel overwhelmed by life,stress
everything is just piling up on me,stress
i feel suffocated by my workload,stress
i cant handle all these expectations,stress
i am completely burned out,stress
i feel so tense and overloaded,stress
i am losing my mind over work,stress
i feel completely stressed,stress
my head is throbbing with stress,stress
i cant find a moment to breathe,stress
i feel like i am under a mountain of pressure,stress
this study load is too high,stress
my parents expect too much and its stressful,stress
im constantly worried about tasks,stress
i feel overwhelmed by my chores and duties,stress
i am in a constant state of pressure,stress
i cant stop stressing over everything,stress
i feel overloaded with college work,stress
im stressed about my upcoming projects,stress
i am feeling heavily burdened,stress
my stress levels are through the roof,stress
i am feeling very tense and pressured,stress
i am struggling to keep up with college assignments,stress
my stress is getting out of hand,stress
i feel mentally crushed by expectations,stress
i feel like crying due to stress,stress
i cant relax my mind,stress
im experiencing intense pressure,stress
i feel overwhelmed by constant demands,stress
this is too stressful for me,stress
i have so many assignments due tomorrow,stress
im struggling under the pressure,stress
i feel so stressed and tired,stress
everything feels like a chore,stress
i feel suffocated by study pressure,stress
im carrying too much weight on my shoulders,stress
my life is so stressful,stress
i feel stressed out of my mind,stress
i cant deal with this pressure anymore,stress
i feel like screaming because of stress,stress
i feel completely overwhelmed and helpless,stress
im constantly running out of time,stress
my schedule is packed and stressful,stress
i feel so much pressure to succeed,stress
im stressed about my grades,stress
this academic pressure is too heavy,stress
i feel like i have no control over my workload,stress
i am stressed to the maximum,stress
i feel so overwhelmed by my classes,stress
im feeling the heat from exams,stress
i feel completely overloaded and stressed,stress
the stress is making me sick,stress
i cant sleep because of stress,stress
i am constantly anxious and stressed,stress
im feeling under pressure,stress
my brain is fried from work,stress
im struggling to balance everything,stress
i feel like im on a treadmill that wont stop,stress
i am totally overwhelmed by pressure,stress
this is just too much stress,stress
i feel so pressured to perform well,stress
i am feeling extremely stressed out,stress
im losing sleep over my work,stress
i feel like im suffocating under stress,stress
my heart is racing from stress,stress
i feel so overwhelmed with homework,stress
i am stressed about my future career,stress
i have way too much studying to do,stress
im completely exhausted from school,stress
i cant handle this academic stress,stress
i feel under pressure all day,stress
the workload is way too heavy,stress
i am constantly stressed about deadlines,stress
i dont know how to handle this pressure,stress
i am stressed and tired,stress
my classes are so stressful,stress
i feel overwhelmed by responsibilities,stress
i feel like something terrible is going to happen,anxiety
my chest is tight and i cant breathe well,anxiety
i am panicking for no reason,anxiety
i feel a constant sense of dread,anxiety
my heart is racing so fast,anxiety
i feel extremely restless and uneasy,anxiety
i cant sit still i feel so nervous,anxiety
i feel on edge all the time,anxiety
im worried about everything,anxiety
i feel a knot in my stomach,anxiety
my mind is constantly filled with worstcase scenarios,anxiety
i feel so anxious and scared,anxiety
im terrified of making mistakes,anxiety
i feel uneasy and unsafe,anxiety
im trembling and shaking from nervousness,anxiety
i cant quiet my thoughts,anxiety
i feel like im going crazy with worry,anxiety
i feel panicked and worried,anxiety
i am constantly tense and jittery,anxiety
im having a panic attack,anxiety
im scared of what might happen next,anxiety
i feel anxious about the future,anxiety
my body feels tense with anxiety,anxiety
im constantly overthinking and panicking,anxiety
i feel a sudden wave of panic,anxiety
im scared of failing my exams,anxiety
i feel uneasy in social situations,anxiety
my hands are sweaty and my heart is beating fast,anxiety
i feel like i am losing control,anxiety
i feel extremely anxious right now,anxiety
i have constant nervous energy,anxiety
i feel worried and tense,anxiety
im afraid of the worst outcome,anxiety
i cant calm my racing heart,anxiety
i feel so nervous i might throw up,anxiety
i feel a deep sense of panic,anxiety
im constantly worried about tomorrow,anxiety
i feel uneasy and restless inside,anxiety
i cant relax my body,anxiety
im filled with nervous tension,anxiety
i feel like im in danger,anxiety
my anxiety is taking over,anxiety
i feel scared for no apparent reason,anxiety
i cant stop worrying about small things,anxiety
im feeling very anxious today,anxiety
my mind wont stop racing,anxiety
i feel on edge and nervous,anxiety
i feel panic rising in me,anxiety
i am constantly anxious about what people think,anxiety
i feel like im walking on eggshells,anxiety
i have this nervous feeling in my gut,anxiety
i feel anxious all the time,anxiety
i am having trouble breathing because of anxiety,anxiety
im constantly filled with fear,anxiety
i feel like im going to collapse from panic,anxiety
i feel restless and tense,anxiety
im worried i wont succeed,anxiety
i feel uneasy about everything,anxiety
i feel a wave of nervousness,anxiety
im terrified of the future,anxiety
my heart rate is high from nervousness,anxiety
i feel anxious and paranoid,anxiety
i feel so tense and worried,anxiety
i am constantly stressed and anxious,anxiety
i feel a deep sense of unease,anxiety
im struggling to control my anxiety,anxiety
i feel a persistent sense of worry,anxiety
i feel scared and anxious,anxiety
i feel panicked about my life,anxiety
im having racing thoughts,anxiety
i feel so anxious and overwhelmed,anxiety
i feel like im on the verge of panic,anxiety
i cant shake this anxious feeling,anxiety
i feel uneasy in my own skin,anxiety
i feel a sense of impending doom,anxiety
i am constantly worried about whats next,anxiety
i feel anxious and exhausted,anxiety
i feel a knot of anxiety in my chest,anxiety
im nervous about everything today,anxiety
i feel so anxious and helpless,anxiety
my hands are shaking from anxiety,anxiety
i have constant anxiety,anxiety
i feel anxious about talking to people,anxiety
i get panic attacks randomly,anxiety
im always nervous and uneasy,anxiety
im scared of the future,anxiety
i feel so anxious about my performance,anxiety
my thoughts wont stop racing,anxiety
i feel so nervous and scared,anxiety
i feel a constant panic inside,anxiety
i feel so down and unhappy,sadness
i feel like crying all the time,sadness
i feel a deep emptiness inside,sadness
everything feels so gloomy and hopeless,sadness
i feel blue and miserable today,sadness
i feel heartbroken and sad,sadness
ive been crying my eyes out,sadness
i feel so lonely and sad,sadness
im not feeling okay at all,sadness
i feel really low and heavy,sadness
i feel like im in a dark hole,sadness
everything is sad and grey,sadness
i feel completely depressed and low,sadness
i feel so sad and broken,sadness
im struggling to find joy in anything,sadness
i feel so sad and empty,sadness
i feel like nothing goes right,sadness
i am feeling very down today,sadness
i feel unhappy with myself,sadness
i feel so sad and miserable,sadness
i feel like crying for no reason,sadness
i feel low and lonely,sadness
i feel a deep sadness in my heart,sadness
i feel so sad and exhausted,sadness
im not happy with my life,sadness
i feel down and out,sadness
i feel like a cloud is hanging over me,sadness
i feel empty and lonely,sadness
i am feeling really blue,sadness
i feel sad about the past,sadness
i feel so sad and discouraged,sadness
i feel like giving up because im so sad,sadness
i feel sad and rejected,sadness
i feel low and hopeless,sadness
i feel so sad and isolated,sadness
im crying because of how i feel,sadness
i feel sad and empty inside,sadness
i feel like nobody cares,sadness
i feel so sad and disappointed,sadness
im not in a good place mentally,sadness
i feel really sad and tired,sadness
i feel like crying myself to sleep,sadness
i feel a deep sense of sadness,sadness
i am feeling so sad and lost,sadness
i feel unhappy and disconnected,sadness
i feel down in the dumps,sadness
i feel so sad and unmotivated,sadness
im feeling very sad today,sadness
i feel a heavy sadness,sadness
i feel sad and alone,sadness
i feel so down and broken inside,sadness
im struggling with sadness,sadness
i feel sad and overwhelmed,sadness
i feel a constant sadness,sadness
i feel so sad and miserable right now,sadness
i feel unhappy and lonely,sadness
i feel sad about my life,sadness
i feel so down and empty,sadness
i feel like crying all day,sadness
i feel a deep sadness,sadness
i feel so sad and hopeless today,sadness
im feeling very down,sadness
i feel sad and hurt,sadness
i feel unhappy and exhausted,sadness
i feel so sad and useless,sadness
i feel a sense of sadness,sadness
i feel sad and discouraged about everything,sadness
im feeling down,sadness
i feel so sad and brokenhearted,sadness
i feel unhappy with everything,sadness
i feel sad and empty inside my chest,sadness
i feel so down and blue,sadness
i feel like crying right now,sadness
i feel a heavy weight of sadness,sadness
i feel sad and disconnected from everyone,sadness
im feeling so sad,sadness
i feel unhappy and disappointed with myself,sadness
i feel sad and tired of everything,sadness
i feel so sad and helpless,sadness
i feel a wave of sadness,sadness
im crying because im sad,sadness
i feel really down,sadness
i feel heartbroken and empty,sadness
everything feels hopeless,sadness
im feeling very blue today,sadness
i feel so lonely and blue,sadness
i just want to cry,sadness
i feel so down and miserable,sadness
i am really happy today,happiness
i feel wonderful and joyful,happiness
today is a great day,happiness
im so excited about this,happiness
i feel amazing and cheerful,happiness
everything is going perfectly,happiness
im in a fantastic mood,happiness
i feel so happy and content,happiness
this makes me smile so much,happiness
im having a beautiful day,happiness
i feel so blessed and happy,happiness
i am absolutely thrilled,happiness
im feeling very positive today,happiness
life is wonderful right now,happiness
i feel so lucky and happy,happiness
im so glad things worked out,happiness
this is the best feeling ever,happiness
i feel joyful and light,happiness
im laughing and having fun,happiness
i am so happy with my progress,happiness
i feel content and peaceful,happiness
im in such a good mood today,happiness
i am so proud of myself,happiness
everything feels bright and happy,happiness
im feeling great and optimistic,happiness
i am so happy to hear that,happiness
i feel happy and energized,happiness
this is so exciting and joyful,happiness
im smiling from ear to ear,happiness
i feel so happy inside,happiness
i am extremely happy today,happiness
everything is working in my favor,happiness
i feel so satisfied and happy,happiness
i am feeling joyful today,happiness
this is a wonderful moment,happiness
im so happy and grateful,happiness
i feel lighthearted and happy,happiness
i am in high spirits,happiness
im so glad to be here,happiness
i feel fantastic and happy,happiness
im happy about my grades,happiness
i feel cheerful and bright,happiness
this is such a happy day,happiness
im so happy with my life,happiness
i feel joyful and happy,happiness
i am feeling wonderful,happiness
everything is going so well,happiness
im so happy right now,happiness
i feel great about my future,happiness
im smiling and happy,happiness
this is a joyful day,happiness
i feel so happy and alive,happiness
im having a great time,happiness
i feel very happy and relaxed,happiness
this news makes me so happy,happiness
im content and happy,happiness
i feel absolutely amazing,happiness
i am so happy and excited,happiness
everything is perfect today,happiness
i feel joyful,happiness
im in a great mood,happiness
i am so happy,happiness
i feel very cheerful,happiness
i am happy with how things are,happiness
this is a beautiful moment,happiness
i feel so happy and cheerful,happiness
i am having a wonderful day,happiness
i feel cheerful,happiness
im so happy about my progress,happiness
i feel so joyful,happiness
i am smiling today,happiness
i feel happy and content,happiness
this is fantastic news,happiness
i am in a very happy mood,happiness
everything feels great,happiness
i feel absolutely happy,happiness
im so glad about this,happiness
i feel cheerful and happy,happiness
this is the happiest day,happiness
i feel so good and happy,happiness
i am feeling very happy,happiness
im so happy to be alive,happiness
i am sitting at my desk,neutral
im just doing my homework,neutral
today is just a normal day,neutral
i dont feel anything in particular,neutral
im reading a book right now,neutral
i have a class at 2 pm,neutral
i am walking to the library,neutral
im eating lunch now,neutral
everything is okay just standard,neutral
i am writing some code,neutral
i have to clean my room today,neutral
im listening to a podcast,neutral
i just woke up a while ago,neutral
im going to buy groceries,neutral
i am attending a lecture,neutral
im cooking dinner tonight,neutral
i dont have any specific plans,neutral
i am waiting for the bus,neutral
im sitting on the couch,neutral
i have some chores to do,neutral
i am working on my project,neutral
im watching a documentary,neutral
i just finished my class,neutral
i am drinking water,neutral
i have a meeting tomorrow morning,neutral
im typing on my laptop,neutral
i am walking in the park,neutral
im just sitting here,neutral
today is a regular wednesday,neutral
i am planning my schedule,neutral
i have an assignment due next week,neutral
im packing my bag,neutral
i am checking my email,neutral
im just doing some light reading,neutral
i dont feel happy or sad,neutral
im in a neutral state,neutral
i am washing the dishes,neutral
im going to the store,neutral
i have some homework to finish,neutral
im just taking a walk,neutral
today is a typical day,neutral
i am sitting quietly,neutral
im just browsing the web,neutral
i am writing a list,neutral
i have to wake up early tomorrow,neutral
im just listening to music,neutral
i dont have any strong feelings,neutral
i am preparing my meals,neutral
im just doing some work,neutral
i am studying in the library,neutral
i have a class in ten minutes,neutral
im sitting by the window,neutral
today is an ordinary day,neutral
i am updating my calendar,neutral
i have to call my friend later,neutral
im just writing notes,neutral
i dont feel much today,neutral
i am sorting my papers,neutral
im just going about my day,neutral
i am walking home,neutral
i have a test next month,neutral
im just drinking tea,neutral
i am sitting in a cafe,neutral
im just relaxing a bit,neutral
today is a plain day,neutral
i am typing a document,neutral
i have some tasks to complete,neutral
im just waiting here,neutral
i dont feel any emotion right now,neutral
i am arranging my books,neutral
im just doing standard stuff,neutral
i am checking the time,neutral
i have a class online,neutral
im just looking around,neutral
today is a quiet day,neutral
i am writing in my notebook,neutral
i dont feel stressed or happy,neutral
i am preparing for bed,neutral
im just taking it easy,neutral
i am sitting down,neutral
